security_id,role,customer_id,username,password_hash,apikey
1,STAFF,,staff1,pbkdf2:sha256:1000000$rBKZ70INFamINh1U$a9a5447fdc4866928c51661a7d8c0f9e67d4e72fa041d49c87b9b7fd59423f24,7ef3bf82-3b45-406c-b115-298e6a864ec5
2,STAFF,,staff2,pbkdf2:sha256:1000000$UEZ6ziqlhMIzUehv$1a8fdacd32cd7e34f273e2d37bcbebfa7b28cd6921fdf023fbbd2f894ef07c57,cd5a8ecd-c78d-48f5-a9bd-08761dc5e420
3,STAFF,,staff3,pbkdf2:sha256:1000000$qyk47w3MTOl47Woq$3cbc705ddf123adcce46dd3fca349a8575bfd17321ef2a50337d2752a292e715,3fd34fb9-f5d3-49c1-be4a-ed1115ce1e7c
4,STAFF,,staff4,pbkdf2:sha256:1000000$se8ixEpwL0f7YsC3$696219221f64fc08300a6540c63f523ffd2488d6145c43afcffff9ebb2b7d7b2,6e48b09d-e7bd-455e-b627-25c42949b106
5,CUSTOMER,1.0,dwillgrass0@yellowbook.com,pbkdf2:sha256:1000000$fP9i8v4BsjIiydNN$121f426c8981fd0c66af045c8792ecd8105bab8c58290054f6e496021aa7ec24,c47ecdc4-d11d-453a-8458-afe213eb591a
6,CUSTOMER,2.0,klinger1@reddit.com,pbkdf2:sha256:1000000$gTHAJWpgLxp3octG$a53632c9e051010d2bcfe944084c3c563c1f54eef079cc5f9a9dcac225001a4a,2b994f5b-5193-459a-a745-77d9b0aa4601
7,CUSTOMER,3.0,gcheers2@elegantthemes.com,pbkdf2:sha256:1000000$rmOQj9i2AEDgXySx$16bd657aa1378eb572d2b4ac11157b9e82f3aca0e244ca26515531f20554c718,4fe89431-973a-4568-ab7d-2263517d4ee0
8,CUSTOMER,4.0,rbowdler3@loc.gov,pbkdf2:sha256:1000000$eSQ9V9ndRzZdqKni$827cf7b0916d40d1a48b944a0d258ec57ec1e32040efb805733edb3fa47f3e56,01f7e5bf-5e2b-4adf-acf6-cdfa013e9765
9,CUSTOMER,5.0,geldrett4@dailymotion.com,pbkdf2:sha256:1000000$OYl3Wi7PtNm7vG5j$ad316cc229d12b4c11127e840c6b4f398ba7684bcb7346a8690d62e678b1b85e,24671919-be5f-4145-ba1a-71257784bef9
10,CUSTOMER,6.0,nbuxy5@mapy.cz,pbkdf2:sha256:1000000$54UVjQIrmvfj9M55$6b8a309275333f9739b732fba139e758e8cf973c772329dd6700347903e6422f,1286407d-02c2-4b1b-8c28-e90bbead2df9
11,CUSTOMER,7.0,ccummings6@trellian.com,pbkdf2:sha256:1000000$kCki0hDyw59TvIyp$89953d7a309bce0f460e6e5b82b8b15b0c1ed8eb7455a84787dd6c4bcc3593b7,c2a7aaf3-c29b-4892-bf8b-dfe186525a8a
12,CUSTOMER,8.0,ibaack7@prnewswire.com,pbkdf2:sha256:1000000$sWOq2eTN9m8xhPCI$35484a6451129c008d40d6c7f85aa09598f3144450eb7ce5155821aa980de537,ed63d7e3-ae24-4b0a-aceb-f1d3d502129d
13,CUSTOMER,9.0,spetigrew8@jimdo.com,pbkdf2:sha256:1000000$MtIp6IlEyzkStJNf$92efbf5258e1586aa4b24cd3e79cbb2762431a925983bf1ef36b2e38530277e9,01185be3-b939-40ab-b48b-43e5befd3b9f
14,CUSTOMER,10.0,obrandt9@shop-pro.jp,pbkdf2:sha256:1000000$iRdeFBZY6HEmZBzg$5ee6bf8a74b47aa2ec627f9b58f48bfcc9d8a5147b9a1123c611d3016f32718b,770a9318-5ee5-4c03-8b1c-578d9af15af4
